ID,BIRTHDATE,DEATHDATE,SSN,DRIVERS,PASSPORT,PREFIX,FIRST,LAST,SUFFIX,MAIDEN,MARITAL,RACE,ETHNICITY,GENDER,BIRTHPLACE,ADDRESS
92b02539-377f-4a45-b180-99974a9ed149,1935-07-04,2014-05-01,999-15-2766,S99928365,X51771472X,Mr.,Gladyce198,Welch494,,,S,hispanic,puerto_rican,M,Boston MA US,983 Serena Spur Holyoke MA 01041 US
addf912e-c2d3-4d83-959a-3e19796fd911,1925-05-10,1981-03-29,999-45-6321,S99964852,false,Mr.,Genesis608,Pacocha52,,,M,white,irish,M,Springfield MA US,927 Dietrich Hills Suite 184 Groton MA 01450 US
34285abe-e58a-45a4-aa10-01e1109e642e,1921-09-27,1998-02-01,999-85-6782,S99910556,false,Mr.,Deonte363,Terry46,,,S,white,irish,M,Springfield MA US,205 Marisa Curve Suite 879 Easton MA 02334 US
db52e68b-4737-48a9-ac4f-fac0c5af1718,2015-02-24,,999-41-1633,,,,Caroline16,Zieme803,,,,white,italian,F,South Hadley MA US,707 Dare Spring Mansfield MA 02048 US
0f11c237-f6ce-4c90-9c52-799325d3b026,1937-11-10,1997-07-03,999-32-6978,S99997227,X72041665X,Mr.,Anjali31,Lockman322,,,S,white,italian,M,Boston MA US,748 Hilpert Gardens Suite 464 Hopkinton MA 01748 US
7090ac9c-4479-44ba-9b54-1c8d9c0129f1,1922-08-27,1972-04-16,999-88-7385,S99990533,false,Mr.,Corene590,Dickens872,,,M,black,west_indian,M,Hingham MA US,31706 Goyette Inlet Suite 338 Salem MA 01971 US
a89f450c-0faa-4332-96dd-b462479c6e81,1969-05-01,,999-35-8568,S99993942,false,Mr.,Martina353,Blanda735,,,M,white,german,M,Westfield MA US,7694 Brendon Terrace New Bedford MA 02746 US
64730185-a3aa-4624-930b-2f9a1ae8b814,1962-04-27,,999-36-8065,S99956685,X93096687X,Mr.,Winifred759,Johnston58,,,M,white,french_canadian,M,Danvers MA US,23162 Rickie Viaduct Suite 333 Hadley MA 01035 US
f6693f7a-fe4d-4911-96e2-c09d582f12a7,1978-08-11,,999-81-9763,S99976085,false,Mr.,Nannie165,Crona156,,,M,white,polish,M,Boston MA US,1285 Logan Court Suite 688 Hanover MA 02340 US
0605ac3c-4cc7-4257-b46e-fbafeff3168e,2016-07-18,,999-73-9267,,,,Allan993,Kuphal720,,,,white,russian,M,Revere MA US,1213 Lysanne Circle Suite 775 Newburyport MA 01951 US
73d6e382-8048-4565-97a1-4cc470a878c5,1928-02-24,1987-12-11,999-49-6119,S99941129,false,Mr.,Trey101,MacGyver396,,,M,hispanic,mexican,M,Quincy MA US,3035 Marks Avenue Dracut MA 01826 US
d5935aaa-6e6c-4754-a3e5-776787f18a82,1944-04-16,2000-11-19,999-70-1980,S99989547,false,Mr.,Melba178,Cassin600,,,M,white,english,M,Ipswich MA US,35540 Ward Summit Rutland MA 01543 US
1757997f-19de-42b8-9f99-8d9e24c88fc5,1928-11-01,2015-04-02,999-37-4724,S99964846,false,Mrs.,Lindsey984,Hickle504,,Satterfield574,M,white,irish,F,Danvers MA US,521 McKenzie Crossing Clinton MA 01510 US
6d079d4b-6521-4f30-bcbf-93382b05d98f,1958-10-19,1985-12-10,999-71-1414,S99920263,false,Mrs.,Brennan20,Pagac384,,Jones708,M,black,african,F,Douglas MA US,87260 Hirthe Inlet Waltham MA 02454 US
7b1d08d5-8945-4976-a6d5-2896b51472da,2002-09-24,,999-37-7974,,,,William437,MacGyver396,,,,white,russian,F,Wareham MA US,48711 Holly Squares Suite 136 Weston MA 02493 US
dd7ec63d-6c34-41da-84d7-611fb77390b7,1966-09-14,1993-04-28,999-67-8976,S99932123,X68677527X,Mr.,Jarrod694,Hermann270,,,,white,french_canadian,M,Longmeadow MA US,39827 Bergstrom Crest Dracut MA 01826 US
12bd1d7f-ff3f-4784-b9e7-12139b5377b0,1972-06-26,,999-98-5695,S99934498,false,Mr.,Courtney657,Predovic74,,,M,white,polish,M,Westfield MA US,2824 DuBuque Walks Mansfield MA 02048 US
3a1cd2a0-aab8-4505-ac7b-b4df4ae37e2b,1947-12-20,,999-61-3561,S99939713,false,Mrs.,Garrison933,Zemlak422,,McClure862,M,white,american,F,Springfield MA US,6153 Erich Forks Franklin Town MA 02038 US
3cfd55db-c166-40d6-97f9-00776b70973f,1917-07-08,1991-10-02,999-35-8029,S99944908,false,Mr.,Keyshawn30,Adams301,,,S,hispanic,puerto_rican,M,Worcester MA US,87884 Caitlyn Springs Suite 830 Hudson MA 01749 US
c97b8eb2-6102-4cba-ae1d-eafaade530e6,1957-12-15,2006-04-09,999-23-2180,S99917829,false,Mrs.,Ivory319,Stamm377,,McLaughlin688,M,white,french,F,Boxford MA US,7576 Frami Bypass Whitman MA 02382 US
adda52d0-e73b-449d-b8da-a76bb0da256a,1962-01-16,,999-15-3083,S99964427,false,Mr.,Rigoberto88,McKenzie817,,,M,white,irish,M,Braintree Town MA US,88114 Elenora Vista Holyoke MA 01040 US
a2597b79-b1b3-4b64-8355-e0c68ef57990,1999-11-18,,999-19-3442,S99960918,,,Allen537,Ondricka144,,,,black,african,M,Newton MA US,534 Aryanna Spring Apt. 739 Lynnfield MA 01940 US
a1ee9427-ca7f-4a35-b26b-18049cbda5fa,1957-12-20,,999-24-4631,S99975256,false,Mr.,Nelda851,Rogahn847,,,S,black,african,M,Carver MA US,735 Curtis Stream Suite 796 Boston MA 02127 US
6718e33a-64fc-4d90-b839-9569ded2ab01,2015-12-15,,999-93-1237,,,,Lauretta180,Mills607,,,,white,swedish,M,Leominster MA US,234 Arianna Ranch Gloucester MA 01930 US
ec5b001e-2bff-48c5-863b-f1a2d8ec1c3f,1994-07-12,,999-15-6067,S99991937,X16098358X,Ms.,Laisha915,Hauck254,,,,hispanic,mexican,F,Great Barrington MA US,66535 Kihn Via Suite 797 Canton MA 02021 US
5a56f280-d2ab-414f-8cf5-7a614067ea65,1917-01-20,1990-10-27,999-60-7561,S99940215,false,Mr.,Rashawn33,Kunde953,,,M,white,irish,M,Lynn MA US,97271 Shields Trail Suite 760 Boston MA 02212 US
2d2608e6-c842-4098-a0da-d7d6d03f1723,1967-09-19,,999-73-4629,S99942619,false,Mr.,Norval490,D'Amore146,MD,,M,white,french,M,Westport MA US,4456 Mafalda Glens Billerica MA 01821 US
db0e834a-d26e-4cea-8a99-eedfb5631539,1929-06-24,1989-07-31,999-71-7600,S99921604,X92825541X,Mr.,Mireille977,Kessler933,,,M,white,italian,M,Sutton MA US,9744 Adah Cliff Foxborough MA 02035 US
f35362f4-b134-4877-bd5c-b85ad24e49ff,1981-01-31,,999-41-1366,S99996473,false,Ms.,Dulce373,Jacobs632,,,S,white,german,F,Barnstable Town MA US,358 Annalise Plaza Suite 261 Hanover MA 02339 US
4f8c30d5-3af0-4523-88d4-4a16c1f21535,1997-09-08,,999-88-6026,S99944887,,Ms.,Vivienne674,Schaefer199,,,,white,german,F,Taunton MA US,1707 Bruce Junctions Southbridge Town MA 01550 US
1398c856-71f0-4069-986b-785112f5a603,1987-08-06,,999-79-3858,S99986763,false,Mrs.,Osborne423,Kirlin928,,Christiansen388,M,hispanic,puerto_rican,F,Woburn MA US,4699 Robin Vista Apt. 435 Chelsea MA 02150 US
2ae9a9b8-df7f-459d-b097-84f1b7d0ae61,1956-02-27,2014-06-19,999-31-8170,S99966533,false,Mrs.,Dejuan445,Fay805,,Watsica5,M,white,irish,F,Middleborough MA US,2622 Name Path Grafton MA 01519 US
0f940a6b-196b-4320-b1e1-93d7409cb369,2012-06-04,,999-32-4724,,,,Marcia445,Kuhn688,,,,white,irish,F,Brockton MA US,176 Laisha Squares Shelburne MA 01370 US
5941ce14-61f9-4cc9-8df1-106eef22b60a,1997-02-10,,999-25-2790,S99963174,X54452768X,Ms.,Tyreek323,Hagenes580,,,,white,portuguese,F,Boston MA US,7585 Verner Throughway Stoneham MA 02180 US
e3c254c7-79f8-466c-8dae-21f0a5259b79,1920-03-20,1982-06-26,999-93-7114,S99981455,X97272109X,Mr.,Dejuan445,Emmerich965,,,M,white,french_canadian,M,Bourne MA US,58286 Brandy Lodge Suite 167 Westfield MA 01085 US
e421e3a4-9a51-4cad-a00a-4083f75e2de3,1962-02-08,2012-05-02,999-60-9953,S99921723,false,Mrs.,Quentin699,Mosciski30,,Littel151,M,white,polish,F,Burlington MA US,51513 Edythe Forges Suite 144 Seekonk MA 02771 US
72c1628f-27fa-45ca-b8d4-483d82cdc71d,1919-03-27,1980-05-26,999-98-3773,S99991593,X29108942X,Mrs.,Ricardo801,Hilpert179,,Murphy766,M,hispanic,puerto_rican,F,Barnstable Town MA US,985 Nikko Forks Weston MA 02493 US
4f466be9-8f14-470c-8a33-e27123d8930c,1968-12-26,1987-01-15,999-39-8030,S99946870,,Ms.,Kendrick707,Aufderhar714,,,,white,russian,F,Brookline MA US,16279 Williamson Flats Suite 760 Lexington MA 02420 US
b91ff5ec-ea15-48b9-a979-3540e1d2abf7,2012-01-02,,999-35-8532,,,,Darrick658,Mosciski30,,,,white,french,F,Boston MA US,701 Sebastian Island Apt. 461 Boston MA 02119 US
387749ac-cd9c-46a8-ac8c-a7d46bc8fafe,1987-06-05,,999-17-9096,S99963943,X69858831X,Mr.,Adriana449,Koss750,,,S,white,french,M,Freetown MA US,77672 Heaney Branch Apt. 806 Medford MA 02155 US
488bc65c-4294-4108-a549-b3a7e6d46adf,1963-09-23,,999-99-6642,S99941363,X29578266X,Mr.,Nickolas354,Greenfelder347,,,M,white,irish,M,Boston MA US,564 White Hollow Lawrence MA 01842 US
bf790359-e8ef-44f9-88d0-ad3198ee7fea,1918-07-22,1998-08-10,999-97-8863,S99991903,false,Mr.,Chanelle519,Wunsch867,,,M,asian,asian_indian,M,Gloucester MA US,53415 Caitlyn Street Boston MA 02114 US
8486e3d7-25c4-464b-abe1-414fc555ab9e,1974-05-30,,999-61-6031,S99972911,X97119186X,Mr.,Kaela856,Stark96,,,M,asian,chinese,M,Webster MA US,300 Will Circle Apt. 364 Sharon MA 02067 US
16440d8c-cab3-4427-8a71-4519774e2408,1960-07-08,,999-99-7363,S99995418,X16120303X,Mrs.,Marielle168,Veum39,,Quitzon588,M,white,french,F,Hanover MA US,8685 Candice Road Yarmouth MA 02675 US
1d62a222-4183-4327-b4a5-71108b96c7aa,1937-11-13,2012-09-30,999-55-6846,S99912083,X51968481X,Mr.,Zoila792,Hudson756,,,M,black,west_indian,M,Randolph MA US,7711 Paucek Island Tisbury MA 02573 US
10a31d31-642b-44e4-9ffe-d267c8acde27,2009-01-06,,999-72-4012,,,,Ellie840,Hills58,,,,white,german,M,New Bedford MA US,248 Keyshawn Creek Southwick MA 01077 US
60e19be8-c3ac-4141-822f-e717a9a3e8fe,1960-10-25,,999-11-4174,S99938415,X46593389X,Mr.,Shany692,Conroy609,,,S,white,irish,M,Westfield MA US,83562 Margarette Spring Apt. 810 Springfield MA 01119 US
288ebc36-701a-4a9a-9767-cf61fd6d1ce2,1975-11-02,,999-47-3760,S99965984,false,Mrs.,Kaylie695,Purdy750,MD,Cassin600,M,white,italian,F,Mansfield MA US,315 Thompson Branch Boston MA 02127 US
bcbe0886-d84e-4de9-93b6-a7838fc0add5,1920-11-14,1994-09-04,999-52-7354,S99930238,X52497117X,Mrs.,Lola243,Koss750,,Smitham582,M,hispanic,puerto_rican,F,Boston MA US,9656 Nicolas Points Andover MA 01899 US
47764130-8832-47fd-a0f1-e030cc2ff245,1998-09-29,,999-64-4295,S99959918,,Ms.,Cristina757,Lindgren993,,,,asian,chinese,F,Fall River MA US,984 Karianne Oval Easton MA 02334 US
70f0792e-f669-428f-b615-845d0fbe1b0f,1967-07-16,,999-27-1126,S99923419,false,Mrs.,Adelbert360,Jacobi338,,Moen254,M,white,polish,F,Braintree Town MA US,5083 Tania Pike Boston MA 02127 US
d9314a3c-f432-4cd6-b1dc-24a51270ed7e,1941-01-13,1997-06-16,999-34-9572,S99940799,X83282532X,Mrs.,Lauryn737,Rowe7,,Farrell939,M,white,english,F,Malden MA US,20109 Leuschke Creek Boston MA 02266 US
df86220e-ecb6-4f5d-a2d5-95c233c26710,2007-05-08,,999-65-4538,,,,Mollie378,Botsford494,,,,black,african,F,Barnstable Town MA US,247 Lorena Islands Dennis MA 02638 US
3e3a02b1-039d-4df2-bb38-d36396762098,2015-12-05,,999-21-1026,,,,Gertrude278,Bartell516,,,,white,polish,M,Worcester MA US,84499 Jeramie Coves Boston MA 02108 US
c78e9f59-b95b-46bf-a02a-fda0de5a261e,1994-04-15,,999-91-6130,S99928981,X87713992X,Mr.,Mozelle963,Towne61,,,,white,english,M,Rehoboth MA US,13056 Emard Prairie Suite 925 Dedham MA 02027 US
4867dcc1-9187-4740-8127-62914d59260b,1918-02-15,1994-03-18,999-78-7225,S99965341,false,Mr.,Jamar409,Feil87,,,M,white,english,M,Springfield MA US,234 Adrienne Rest Agawam Town MA 01001 US
59777681-3bec-416d-a1e4-2da68de3229d,1995-01-03,,999-87-2692,S99914259,X98029947X,Mr.,Rosalyn0,Nienow790,,,,white,irish,M,Chelmsford MA US,5491 Wehner Freeway Suite 222 Southbridge Town MA 01550 US
cd5cf1f6-b98b-404e-af4f-6dd9bb8a1cea,1968-09-21,,999-38-8068,S99947719,false,Mr.,Dorothea61,Feeney74,,,M,black,dominican,M,Holden MA US,82510 Reva River Suite 368 Easton MA 02334 US
288108c5-054f-411f-96b9-eeadbe79aa48,1946-09-20,,999-13-7701,S99968084,false,Mrs.,Maurice268,Rolfson20,,Daugherty158,M,white,irish,F,Hamilton MA US,37636 Schmeler Causeway Apt. 289 Framingham MA 01703 US
eaee20a0-5c90-4589-9828-3ffb1c6d3e50,1947-11-27,2012-09-19,999-66-5462,S99979572,false,Mr.,Gus375,Lind479,,,M,white,italian,M,Boston MA US,525 Bertha Mount Westport MA 02790 US
319f499f-19e3-49fd-be5b-b320f23f23c7,1975-03-26,,999-53-9559,S99953046,false,Mr.,Gussie372,Johns490,,,M,black,african,M,Amherst MA US,6776 Abigale Gardens Apt. 750 Haverhill MA 01830 US
1eb19c96-f32d-4057-aac5-265d87e50911,1950-04-24,,999-56-3226,S99997957,false,Mrs.,Annie608,Hettinger438,,Schoen381,M,hispanic,puerto_rican,F,Upton MA US,39889 Roger Drive Andover MA 05501 US
30888b15-3022-4c04-b3ee-c919f860aeb2,1932-03-19,1988-04-02,999-18-5211,S99915961,X58464572X,Mr.,Kenneth42,Smith689,,,M,white,irish,M,Boston MA US,816 Walker Way Apt. 699 Weymouth Town MA 02188 US
82daa51e-9238-43d6-8b2c-1fa156bbc2d0,2017-02-23,,999-46-1952,,,,Garret774,Satterfield574,,,,hispanic,central_american,M,New Bedford MA US,9884 Strosin Loaf Worcester MA 01655 US
8f36725c-0669-418c-8c9b-bc7c83ff44ee,2006-07-10,,999-41-4183,,,,Rodolfo618,Brekke793,,,,white,german,F,Lynn MA US,9245 McClure Harbor Apt. 331 Tewksbury MA 01876 US
ac101350-0700-4e5c-8360-6bd82a9d2613,1981-01-26,,999-34-1219,S99915521,X87395385X,Mrs.,Erin779,MacGyver396,,Wuckert954,M,white,english,F,Boston MA US,5871 Novella Cliff Apt. 650 Waltham MA 02452 US
77df8bd4-7198-49e0-917d-845c973a5a19,1954-05-29,2017-01-28,999-51-9950,S99989382,X84246733X,Mr.,Carmen321,Barrows530,MD,,M,white,german,M,Amherst MA US,4045 Larkin Brook Apt. 134 Gardner MA 01440 US
68664ac8-d124-4add-9efe-f67c1a5c855d,1999-08-06,,999-64-2295,S99916088,,,Lauren522,Conn205,,,,white,irish,F,Quincy MA US,43069 Keara Grove Burlington MA 01803 US
8abd6da8-9c46-4f33-a701-37dcb1b0b6dd,2011-07-11,,999-53-2330,,,,Rosanna313,Crist129,,,,asian,asian_indian,F,North Adams MA US,1100 Ceasar Port Apt. 541 Egremont MA 01230 US
f4c86e92-4e46-42a3-8a77-ddf0320f0fa3,1923-03-24,1997-07-19,999-53-3400,S99993541,X89206354X,Mr.,Shanie453,Nader250,,,S,white,english,M,Boston MA US,83309 Raynor Dam Yarmouth MA 02675 US
ef8cddbd-e76b-44ab-aad5-d7141ff22ed7,1945-09-22,1992-06-22,999-47-8199,S99951099,false,Mrs.,Gwen504,Berge626,,Walsh69,M,white,italian,F,Grafton MA US,9016 Evert Station Apt. 899 Bolton MA 01740 US
97b10525-4dab-4c6b-aa0d-53c2fc7a0da4,1952-06-18,2008-05-21,999-40-1890,S99927631,false,Mrs.,Bo476,Altenwerth180,,Okuneva474,M,asian,chinese,F,Brookline MA US,63104 Davis Lake Suite 989 Taunton MA 02780 US
544d4cc5-4aa3-4005-a241-568f17a0ca1b,1945-01-14,,999-91-7835,S99970440,false,Mrs.,Ova431,Douglas112,,Satterfield574,M,asian,chinese,F,Cambridge MA US,27090 Rolando Road Methuen Town MA 01844 US
abd664bf-8df1-4972-9016-53527df23e9f,2003-04-26,,999-61-5076,,,,Nikki622,Pagac384,,,,white,italian,F,Chelmsford MA US,14276 Mariam Cliffs Apt. 250 Salem MA 01970 US
24cab49e-694e-4850-a71b-fbb418a9c495,1927-12-28,2004-11-24,999-20-4249,S99984471,false,Mrs.,Adolfo784,Russel21,,Berge626,M,white,german,F,Tewksbury MA US,17272 Paucek Mews Chicopee MA 01022 US
859a60e6-d7da-47ef-b1fd-824b73f092f1,1941-02-28,2017-04-14,999-94-5806,S99991883,false,Mrs.,Molly918,Schneider568,,Ritchie248,M,white,italian,F,Norwood MA US,9330 Armstrong Island Suite 207 Middleborough MA 02348 US
08179873-913b-4a4d-9223-5269a8d29182,1999-11-10,,999-23-2792,S99955791,,,Dillan41,Langosh758,,,,hispanic,central_american,F,Fall River MA US,4108 Olga Mills Dalton MA 01227 US
dd7523ae-d2ab-4631-af4f-9220f4a726d2,1966-05-20,,999-13-9102,S99938668,false,Mr.,Susan772,Mertz697,,,S,white,english,M,Southborough MA US,7883 Lue Manor Suite 239 Brockton MA 02303 US
b6313f59-99df-4fdc-869f-0076d283ac05,1927-05-03,2013-12-10,999-86-5864,S99992517,X38400086X,Ms.,Kaelyn243,Crist129,,,S,black,african,F,Somerville MA US,643 Akeem Oval Plainville MA 02762 US
e0fc6237-9c0e-4c8b-9e16-0c194e98673e,1984-09-13,,999-74-4191,S99971971,false,Mrs.,Brock209,Jakubowski565,,Welch494,M,white,irish,F,Belchertown MA US,3872 Scotty Road Suite 839 Fall River MA 02720 US
8e1dcace-214d-4f46-a398-60371647c487,1934-09-27,2002-06-15,999-80-3701,S99936730,X55994761X,Ms.,Julius667,Keebler437,,,S,white,polish,F,Chelsea MA US,43624 Shanna Locks Suite 149 Ayer MA 01432 US
e5f3e78c-65a3-469d-99f0-76bd87715635,1950-03-04,,999-38-6787,S99941967,false,Mr.,Avery222,Fisher931,,,M,white,french,M,Malden MA US,6867 Cummings Trail Haverhill MA 01830 US
72e31902-aba0-4b27-b0f9-f41ddf7c6c01,1994-08-28,,999-76-4398,S99916953,false,Ms.,Olga733,Doyle992,,,,black,dominican,F,Hingham MA US,89473 Betty Causeway Apt. 235 Brockton MA 02302 US
e98e9be5-fe9a-4abc-b7e5-23c142009b37,1955-04-12,,999-44-4364,S99968117,false,Mrs.,Lysanne22,Schneider568,,Kohler571,M,white,german,F,Yarmouth MA US,2588 Lehner Camp Suite 851 Norwood MA 02062 US
7f84c577-d8b5-47f9-ada1-1232b428a0c9,1993-05-15,2010-07-03,999-18-4592,S99979686,,,Kiarra309,Gleichner352,,,,white,irish,F,Quincy MA US,3590 Florine Neck Medford MA 02153 US
300a7a41-352e-49c4-957a-a73ef066b1ab,2001-08-26,,999-25-3000,,,,Allan993,Feil87,,,,hispanic,puerto_rican,M,Worcester MA US,4133 Schultz Shores Shrewsbury MA 01545 US
707603a3-b371-4413-abd8-35c0e2a238ea,2001-01-11,,999-28-6592,S99912014,,,Alexie980,Stanton968,,,,white,irish,F,Fall River MA US,682 Alysson Cliffs Apt. 769 Dudley MA 01571 US
52dc79e4-ea69-4045-96bf-f496e18fb72f,2009-08-30,,999-31-6385,,,,Jensen965,Wisozk52,,,,asian,chinese,M,Westfield MA US,1632 Willard Parkway Suite 176 Lawrence MA 01842 US
2aa9af60-5a0c-45fc-a97f-5319c783867f,1923-05-15,2002-02-19,999-73-9358,S99962246,false,Mr.,Destiny966,Walker551,,,S,white,english,M,Woburn MA US,471 Monahan Point Somerville MA 02143 US
8f69aebb-f19f-42bf-9725-f1e905e64cd4,1977-08-22,,999-85-9399,S99993754,false,Mr.,Kayley679,Heaney761,,,S,white,french,M,Southwick MA US,346 Gleason Forks Apt. 398 Northborough MA 01532 US
d1dc410b-b783-4cfe-96dc-ee7003b610fa,1946-07-30,,999-83-4422,S99994915,false,Mr.,Troy127,Schoen381,,,M,white,scottish,M,Monson MA US,990 Tremblay Ridge Suite 440 Everett MA 02149 US
04906851-294d-4544-9faa-21d753efa2ba,1984-06-15,2017-01-06,999-92-5094,S99984239,false,Mr.,Mable159,Krajcik129,,,M,white,irish,M,Chelmsford MA US,910 Shawna Orchard Apt. 354 Wellesley MA 02457 US
25bd6afb-dc05-42e7-a19f-55b21a603abe,1940-11-04,,999-72-5173,S99931748,X78477427X,Mrs.,Ibrahim432,Wunsch867,,Kunze474,M,white,german,F,Medford MA US,8867 Terence Underpass Boston MA 02222 US
6cc78c26-cbe7-423d-b764-155c7e2c065b,1952-01-06,,999-72-9691,S99921935,false,Mr.,Emely186,Emard410,,,M,white,portuguese,M,Randolph MA US,72970 Zemlak Drive Suite 938 Savoy MA 01256 US
2727e1e9-1097-4bd5-bd29-178bd2ef72bf,2004-05-20,,999-88-2158,,,,Monica134,Ziemann848,,,,hispanic,puerto_rican,M,West Tisbury MA US,27069 Deontae Crossing Suite 300 Springfield MA 01128 US
0f5ca512-8882-4cad-8733-759a8557d7cf,1925-05-26,1945-12-11,999-82-6083,S99924157,X96645642X,Mr.,Charles640,Veum39,,,,white,french,M,Stoughton MA US,6223 Kulas Crescent Suite 997 Boston MA 02131 US
3b3a04f8-db7c-4a75-a383-22976dc84b1e,1937-04-22,,999-53-4026,S99978063,false,Mrs.,Hazel140,Fadel855,,Harber971,M,white,italian,F,Sudbury MA US,90129 Bernhard Crest Suite 830 Falmouth MA 02540 US
0d41da90-c59d-488f-ac54-e316441c36b5,2005-05-08,,999-32-5975,,,,Amy73,Collins889,,,,white,italian,M,Peabody MA US,80345 Baron Islands Hopkinton MA 01748 US
c2cd0c46-d27d-432c-b99e-bca32f2da9a4,1949-03-20,,999-95-6864,S99967422,X18145482X,Ms.,River102,Brown211,,,S,white,polish,F,Barnstable Town MA US,178 Stoltenberg Streets Suite 499 Billerica MA 01822 US
8069683b-2c60-4c30-95bd-f80e21e9f830,1931-10-02,2009-07-10,999-10-9142,S99947782,X96683174X,Mrs.,Marie385,Wintheiser362,,Murray529,M,white,german,F,Southwick MA US,490 Treutel Drives Apt. 212 Cambridge MA 02238 US
e7fd523c-e9ca-42df-bfd0-97176320a895,1982-09-06,,999-92-8933,S99923358,X21210623X,Mr.,Loraine923,Durgan111,,,M,white,polish,M,Weston MA US,671 Jesus Parkways Suite 453 Swampscott MA 01907 US
6daa5bb0-52d0-4a95-84cd-999041d38334,1993-03-19,,999-72-2686,S99925906,X28947263X,Mr.,Melba178,Ferry39,,,,white,scottish,M,Canton MA US,6080 Glover Path Boston MA 02130 US
c5a9806d-8de1-430f-b206-9ab1b43d4c63,1986-11-10,,999-58-4771,S99977497,false,Mr.,Pasquale202,Tillman396,MD,,S,white,portuguese,M,Beverly MA US,848 Davis Knoll Apt. 418 Framingham MA 01702 US
3f166d1a-6682-46e4-8815-88acdf7672fd,1997-11-16,,999-74-4781,S99923905,,Ms.,Leta244,Morar519,,,,black,west_indian,F,New Bedford MA US,68299 Stamm Ferry Rockland MA 02370 US
06129c2c-235f-4dea-8276-be65c8ee41ef,1917-12-26,2006-11-21,999-10-4600,S99980490,X89258159X,Mr.,Geovanni784,Ankunding933,,,M,white,english,M,North Adams MA US,70723 Metz Motorway Springfield MA 01107 US
c6f308c1-4459-4d0a-9d0e-ca5436aa7500,1975-07-31,,999-18-4646,S99926643,X67175958X,Mr.,Lexi578,Friesen12,,,S,white,english,M,Westfield MA US,91477 Meda Port Apt. 550 Salem MA 01971 US
15815231-2782-4ec8-9496-28af60feed74,1922-08-31,2015-01-06,999-21-2967,S99960648,X63374658X,Mrs.,Gerald583,Kautzer297,,Schimmel712,M,white,scottish,F,Stoneham MA US,576 Walsh Ranch Suite 325 Leominster MA 01453 US
3db2a86d-2040-4def-b40f-4c7c8819a937,1964-05-18,,999-64-8202,S99947740,false,Mrs.,Jennie897,Roob122,,Jerde339,M,white,irish,F,Quincy MA US,4343 Wuckert Lodge Somerville MA 02143 US
1ad8b489-c775-4971-a1b1-d9f5997bb183,1956-10-18,,999-72-5635,S99939082,X12314607X,Mrs.,Ofelia102,Boyer413,,Nikolaus890,M,white,russian,F,Dighton MA US,113 Mafalda Rapid Beverly MA 01915 US
c5bfa22d-3eda-4720-a29d-b6cd8b4b7db5,1922-09-22,2002-02-06,999-49-8522,S99962249,X77063222X,Mr.,Emile406,Tremblay419,,,M,hispanic,mexican,M,Easton MA US,4080 Zackary Hills Plymouth MA 02362 US
8e319dc2-6e46-4d16-a1fb-26801c42928a,1933-06-01,1984-09-14,999-87-4186,S99970461,X95672827X,Mr.,Dillan41,Corwin847,,,M,white,irish,M,Norwell MA US,905 Haleigh Burg Apt. 664 Goshen MA 01032 US
f059db17-5846-4e80-848e-3f6179fc5cab,1935-03-05,,999-84-6507,S99934801,false,Mrs.,Orin211,Hickle504,,Ortiz555,M,white,english,F,North Andover MA US,982 Lebsack Gateway Whitman MA 02382 US
bd4ae45d-4d11-43b4-bcb0-d5d0f0ce270f,1997-05-11,,999-10-1848,S99928643,false,Ms.,Rylee99,Bayer368,,,,white,irish,F,Littleton MA US,163 Gerhold Route Suite 650 Natick MA 01760 US
d220733a-acd0-4731-840b-1383e9ec051d,1964-04-12,,999-80-1753,S99952315,false,Mrs.,Brett580,Lakin962,,Russel21,M,white,french,F,Brockton MA US,450 Hand Parkway Boston MA 02137 US
9ff59d00-8bc7-48b8-8c9f-b4c016d3cbd1,1960-12-19,,999-40-5494,S99999868,false,Mrs.,Chyna529,Schowalter801,,Kunze474,M,white,irish,F,Framingham MA US,54023 Ebba Walk Apt. 351 Taunton MA 02783 US
7b7131a4-83d6-4c00-b27a-19518f7eca1c,1948-01-27,,999-62-9161,S99962750,X97263263X,Mr.,Alysha536,West837,,,M,white,irish,M,New Bedford MA US,523 Prohaska Street Scituate MA 02040 US
5751f73b-15e7-437c-a8a2-e92e4f47a8c0,1933-02-15,,999-33-8646,S99944042,false,Mr.,Myrtis325,O'Kon879,,,S,white,english,M,Springfield MA US,89420 Donnelly Court Bridgewater MA 02325 US
c3798fc4-a853-4021-9061-935fb254b86d,1982-04-03,,999-51-4968,S99926531,X54638549X,Mr.,Miller711,Miller711,,,M,white,german,M,Boston MA US,711 Linnea Terrace Suite 671 Lynn MA 01905 US
ad8bc2fd-c3e2-4130-bebf-5a376d162a86,2009-11-07,,999-30-7931,,,,Chauncey395,Tillman396,,,,white,italian,F,Worcester MA US,6885 Gayle Neck Barnstable Town MA 02630 US
72904e31-e5df-4e85-9834-2ed7143b8207,1998-02-08,,999-74-8295,S99966995,,Mr.,Savion100,Hand81,,,,white,french,M,Taunton MA US,1873 Virgie Mountains Marshfield MA 02050 US
9086c7f1-1a6b-40b6-9803-d094361e2ab1,1928-03-08,2011-11-17,999-35-4073,S99929997,false,Mrs.,Chanelle519,Hand81,,Raynor240,M,white,irish,F,Wellesley MA US,8565 Zulauf Manor Apt. 183 Saugus MA 01906 US
7a7ad63f-aa21-4aa5-9843-804c0ab4164b,1934-01-13,1982-03-06,999-27-4031,S99988680,false,Mr.,Moriah455,Becker292,,,S,white,german,M,Saugus MA US,50510 Schinner Springs Billerica MA 01822 US
53c139ea-24ef-43f2-ac2f-65d4279d5c72,1973-12-10,,999-90-4930,S99957409,false,Mrs.,Bret946,Deckow655,,Sanford277,M,white,italian,F,Middleborough MA US,932 Victoria Harbor Natick MA 01760 US
342ba3d3-2d4f-412f-a6f8-88c8af801288,1931-10-28,,999-96-4382,S99929626,false,Mrs.,Zelma738,McClure862,,Batz43,M,white,polish,F,Arlington MA US,32868 Ambrose Pine Apt. 461 Boston MA 02126 US
a2cd21fa-faa9-45fc-a160-3c7b64b1f1ad,2004-01-01,,999-78-4897,,,,Jerel320,Zboncak307,,,,white,irish,M,Fall River MA US,7823 Mireya Ferry Gloucester MA 01931 US
c8b64227-1f04-4c2a-af74-b422e04d1610,2001-11-16,,999-75-3838,,,,Charlie766,Runolfsson909,,,,white,italian,F,Framingham MA US,5314 Claude Pine Apt. 246 Boston MA 02133 US
7eb1bc06-64d4-4a7d-b5e6-a42a75051bcf,1998-07-09,,999-98-1606,S99949476,,Mr.,Chyna529,Bergstrom755,,,,white,italian,M,Arlington MA US,912 Hane Cliffs Suite 995 Randolph MA 02368 US
e24be22f-3773-4dc1-81bd-742e18f75138,1996-09-02,,999-79-1943,S99935403,false,Ms.,Novella295,Romaguera612,,,,white,italian,F,Whitman MA US,46779 Albertha Lake Suite 427 Lexington MA 02421 US
116b6ea5-a2d3-450c-877f-697fe8842ff3,1995-11-28,,999-61-2934,S99945846,false,Ms.,Robin627,Mayert663,,,,hispanic,puerto_rican,F,Oxford MA US,382 Collins Road Apt. 261 Taunton MA 02780 US
8e7377d2-e64f-481a-9a7d-cde55d18c0b1,1962-07-27,1997-05-14,999-81-7711,S99948877,false,Mr.,Deanna613,Macejkovic360,,,M,white,scottish,M,Barnstable Town MA US,752 Willms Inlet Dartmouth MA 02714 US
3236b888-2627-4a8c-85ce-8ab992456afd,2010-07-20,,999-85-8133,,,,Gregg12,Leffler486,,,,white,american,F,Barnstable Town MA US,1191 Braun Fort Agawam Town MA 01001 US
4a3f27e4-aae9-4975-91db-b12dacb43333,1934-02-04,,999-70-8604,S99939370,false,Mrs.,Kathleen891,Boyle963,,Harris706,M,white,italian,F,Taunton MA US,93422 Cole Lake Springfield MA 01118 US
4ca06421-92a3-4c05-a124-5693b3142544,1932-02-09,2007-12-04,999-23-7728,S99929372,X95981934X,Ms.,Herta955,Luettgen8,,,S,hispanic,puerto_rican,F,Wilmington MA US,11633 Thora Lodge Medford MA 02155 US
c458e4a5-f663-4268-9fdf-2cde53f6e844,1918-10-17,1994-03-03,999-20-4668,S99976482,X81186620X,Mr.,Nathaniel448,Renner907,,,M,white,irish,M,Swansea MA US,20244 Kutch Greens Brockton MA 02301 US
3296c546-6f97-486f-83b1-142ad97afc1d,1971-04-08,,999-94-2868,S99933936,false,Mr.,Thad615,Bosco757,,,S,white,swedish,M,Dedham MA US,197 Isabel Oval Hopkinton MA 01748 US
e482260f-634d-4e31-b322-a1ac3bb1a37b,1978-07-18,1995-08-20,999-46-4830,S99924502,,,Francesca923,Schmeler941,,,,white,italian,M,Natick MA US,1338 Mertz Tunnel Brookline MA 02445 US
95aa943d-ac83-4cd1-bada-8eac1ffaf301,1943-06-17,1966-09-11,999-73-4176,S99933232,X74656010X,Mr.,Cale257,Feest957,,,,white,french_canadian,M,North Attleborough MA US,31816 Lamont Mount Apt. 247 Waltham MA 02452 US
a9a8c0eb-f201-4302-b97c-8428a35c4f00,1944-08-14,,999-44-3623,S99989004,X87037018X,Mrs.,Hilbert533,Larkin699,,Runte754,M,hispanic,puerto_rican,F,Milford MA US,7683 Lehner Village Suite 585 Montague MA 01351 US
0771865b-83d0-4380-a553-26f70c15aad6,1944-05-23,1986-04-29,999-29-9220,S99923177,false,Mr.,Eulah38,Lesch298,JD,,M,white,english,M,Somerset MA US,636 Misty Passage Suite 879 Dighton MA 02715 US
83da6232-18c9-47f1-894d-59c33e624449,1953-07-08,,999-54-3527,S99967200,false,Ms.,Bill514,Dach238,,,S,white,polish,F,Mansfield MA US,531 Jaskolski Centers Bridgewater MA 02324 US
9c6df5b8-9c68-4c69-be34-0f2f955d6925,2016-03-26,,999-51-5481,,,,Sterling597,Kuphal720,,,,black,west_indian,M,Greenfield Town MA US,7459 Amber Garden Apt. 702 Sandwich MA 02563 US
f2759b8c-aee3-4950-81c5-855f7e6d70bb,1998-01-23,,999-17-7026,S99975708,,Ms.,Libby430,Runte754,,,,white,irish,F,Brockton MA US,841 Bonnie Fall Greenfield Town MA 01301 US
221c6c4b-afe1-4e1b-97aa-73ce48f44f5d,1934-02-19,2009-09-28,999-19-5953,S99921695,false,Mr.,Herta955,Lockman322,,,M,white,irish,M,Leicester MA US,62908 Rogelio Radial Quincy MA 02170 US
68cde1c3-a1bb-4444-8a30-e0479c589280,2011-04-10,,999-81-6339,,,,Linnie302,Bechtelar78,,,,white,english,M,Chelsea MA US,868 Jackson Neck Apt. 610 Somerville MA 02145 US
3c378218-7e88-4d53-9eec-ab8bfe80135e,1956-06-10,2016-11-20,999-38-6196,S99985527,false,Mr.,Kelly535,Kessler933,,,M,white,italian,M,Attleboro MA US,41531 Otis Knolls Suite 530 Norwood MA 02062 US
4bd778fc-9537-45d5-b3d5-67006b5609d3,1988-07-23,,999-43-7580,S99989905,false,Mrs.,Hosea825,Grady123,,Schulist638,M,hispanic,puerto_rican,F,Somerville MA US,2846 Lora Square Suite 461 Attleboro MA 02703 US
03c2f4e8-d54d-4c90-bc5a-cb288e09eaf1,1925-08-10,2008-01-23,999-56-7045,S99987030,X50780410X,Ms.,Fletcher162,Ortiz555,,,S,black,african,F,Ashburnham MA US,213 America Groves Weston MA 02493 US
c8f9335c-21b0-4602-a513-31d33d2f2943,1961-03-18,,999-44-9125,S99958802,false,Mrs.,Rosario657,Swift364,,Johnston58,M,white,polish,F,Sherborn MA US,7636 Cornell Haven Boston MA 02112 US
42cd831c-ee3b-4a5b-8b8c-e4aabd3ce940,1920-02-01,1981-11-22,999-83-3088,S99914692,false,Mrs.,Rafael989,Predovic74,,Turcotte966,M,white,german,F,Cambridge MA US,528 Tyree Crossroad Apt. 218 Methuen Town MA 01844 US
57231ccb-4f20-409f-99c7-b30fbda28ac4,1986-03-14,,999-96-6779,S99912576,X90474531X,Mr.,Brandi995,Terry46,,,S,white,portuguese,M,Winchester MA US,74005 Mosciski Fork Suite 399 Boston MA 02108 US
eeff26ca-5bb9-405b-b835-34b704e5c1c9,1923-05-04,1977-09-07,999-86-6484,S99960830,X39199804X,Mrs.,Osbaldo912,Padberg821,,Reilly489,M,white,french,F,Boston MA US,6203 Kayla Knoll Westford MA 01886 US
3feda4af-741e-4f29-b41c-1c401cbc24d1,1953-11-18,2014-05-28,999-69-8254,S99932062,false,Mrs.,Peggie735,Rempel404,,Sawayn108,M,white,polish,F,Mansfield MA US,713 O'Conner Vista Stoneham MA 02180 US
72633a49-9f49-405b-b5e0-0ebab6dae7b2,1965-03-04,,999-26-4279,S99936746,X43433131X,Mrs.,Rebecca949,Stiedemann751,,Dare931,M,white,german,F,Weymouth Town MA US,743 Olson Pass Apt. 393 Peabody MA 01961 US
9c434300-f402-4060-b8da-b81ef4678ac5,1954-08-15,,999-37-2704,S99997887,false,Mrs.,Nikita238,Turcotte966,,Lynch561,M,white,irish,F,Newton MA US,855 Darrell Stravenue Attleboro MA 02703 US
452037cc-cea2-4b2e-a4aa-1d9788b0c7e8,1978-09-16,,999-64-3861,S99982144,false,Mr.,Nya812,Orn437,,,M,white,french,M,Newton MA US,486 Terry Station Suite 588 Lexington MA 02420 US
d7c0c541-f072-4737-8e2b-c2012b82ab60,1974-08-12,,999-73-6479,S99997126,X17640266X,Mr.,Maximo658,Herman370,,,M,white,american,M,Quincy MA US,9971 Sabrina Ways Apt. 626 Grafton MA 01519 US
b137e321-3591-4d21-a8c3-df51df60a067,2014-01-24,,999-72-3643,,,,Keyon302,Schroeder117,,,,white,english,F,Pittsfield MA US,87072 Nola Brooks Suite 276 Chicopee MA 01021 US
